{
"lengthUnit": "mil",
"components": {
	"fields": ["COMPONENT_NO", "COMPONENT_NAME", "LAYER", "X_COORDINATE", "Y_COORDINATE", "ANGLE"],
	"rows": [
		[1, "+5V", "T", 1510, -50, 0],
		[2, "C1", "T", 320, -420, 90],
		[3, "C2", "T", 460, -295, 270],
		[4, "C3", "T", 625, -40.88, 0],
		[5, "C4", "T", 1141.73, -433.07, 0],
		[6, "C5", "T", 1141.73, -157.48, 0],
		[7, "C6", "T", 560, -236.83, 180],
		[8, "C7", "T", 760, -40.67, 180],
		[9, "C8", "T", 560, -306.9, 180],
		[10, "C9", "T", 900, -545, 0],
		[11, "C10", "T", 1345.61, -442.48, 0],
		[12, "C11", "T", 1345.61, -521.22, 0],
		[13, "C12", "T", 1075, -520, 180],
		[14, "C13", "T", 1345.61, -285, 0],
		[15, "C14", "T", 1345.61, -363.74, 0],
		[16, "C15", "T", 1165, -55, 180],
		[17, "C16", "T", 1035, -55, 180],
		[18, "C17", "T", 1345.61, -206.26, 0],
		[19, "D1", "T", 1340, -50, 0],
		[20, "H1", "T", 470, -570, 0],
		[21, "HDR1", "T", 1685.04, -45.28, 0],
		[22, "LDO1", "T", 430, -425, 270],
		[23, "LED1", "B", 1181.1, -255.91, 0],
		[24, "Q1", "T", 480, -145, 180],
		[25, "R1", "T", 137.8, -531.5, 0],
		[26, "R2", "T", 137.8, -59.06, 0],
		[27, "R3", "T", 744.71, -544.89, 0],
		[28, "R4", "T", 890, -40.78, 180],
		[29, "R5", "T", 630, -110, 0],
		[30, "R6", "T", 1505, -125, 180],
		[31, "R8", "B", 1370, -555, 0],
		[32, "R9", "T", 1210, -520, 180],
		[33, "R10", "T", 1347.8, -127.41, 0],
		[34, "R11", "T", 350, -180, 0],
		[35, "R12", "T", 560.3, -373.03, 180],
		[36, "R13", "T", 560.3, -435, 180],
		[37, "R14", "T", 350, -310, 0],
		[38, "R15", "T", 350, -245, 0],
		[39, "R16", "T", 350, -40, 180],
		[40, "R17", "T", 350, -115, 0],
		[41, "R18", "T", 490, -40.78, 180],
		[42, "R20", "B", 1370, -450, 0],
		[43, "RN1", "T", 1515.75, -295.28, 270],
		[44, "TRX1", "B", 1500, -555, 180],
		[45, "TRX2", "B", 1500, -450, 180],
		[46, "U1", "T", 846.46, -295.28, 90],
		[47, "USB1", "T", 157.48, -295.28, 270],
		[48, "X1", "T", 1141.73, -295.28, 270]
	]
},
"pins": {
	"fields": ["PIN_NO", "PIN_NAME", "PIN_X", "PIN_Y", "LAYER", "PIN_TYPE", "NET_NAME", "NET_TYPE", "PAD_SHAPE", "PAD_SIZEX", "PAD_SIZEY", "HOLE_SIZE", "PAD_ANGLE"],
	"rows": [
		[1, "+5V_1", 1478.52, -50.13, "T", "SMD", "GND", "GND", "R", 31.5, 31.5, 0, 90],
		[2, "+5V_2", 1541.48, -49.86, "T", "SMD", "$1N3364", "", "R", 31.5, 31.5, 0, 90],
		[3, "C1_1", 320, -447.56, "T", "SMD", "GND", "GND", "R", 31.5, 35.43, 0, 90],
		[4, "C1_2", 320, -392.44, "T", "SMD", "VBUS", "", "R", 31.5, 35.43, 0, 90],
		[5, "C2_1", 460, -267.44, "T", "SMD", "GND", "GND", "R", 31.5, 35.43, 0, 270],
		[6, "C2_2", 460, -322.56, "T", "SMD", "VCC_3V3", "", "R", 31.5, 35.43, 0, 270],
		[7, "C3_1", 597.44, -40.88, "T", "SMD", "$1N2462", "", "R", 31.5, 35.43, 0, 0],
		[8, "C3_2", 652.56, -40.88, "T", "SMD", "GND", "GND", "R", 31.5, 35.43, 0, 0],
		[9, "C4_1", 1114.17, -433.07, "T", "SMD", "GND", "GND", "R", 31.5, 35.43, 0, 0],
		[10, "C4_2", 1169.29, -433.07, "T", "SMD", "$1N2717", "", "R", 31.5, 35.43, 0, 0],
		[11, "C5_1", 1114.17, -157.48, "T", "SMD", "$1N2728", "", "R", 31.5, 35.43, 0, 0],
		[12, "C5_2", 1169.29, -157.48, "T", "SMD", "GND", "GND", "R", 31.5, 35.43, 0, 0],
		[13, "C6_1", 587.56, -236.83, "T", "SMD", "GND", "GND", "R", 31.5, 35.43, 0, 180],
		[14, "C6_2", 532.44, -236.83, "T", "SMD", "VCC_3V3", "", "R", 31.5, 35.43, 0, 180],
		[15, "C7_1", 787.56, -40.67, "T", "SMD", "GND", "GND", "R", 31.5, 35.43, 0, 180],
		[16, "C7_2", 732.44, -40.67, "T", "SMD", "VCC_3V3", "", "R", 31.5, 35.43, 0, 180],
		[17, "C8_1", 587.56, -306.9, "T", "SMD", "GND", "GND", "R", 31.5, 35.43, 0, 180],
		[18, "C8_2", 532.44, -306.9, "T", "SMD", "VCC_3V3", "", "R", 31.5, 35.43, 0, 180],
		[19, "C9_1", 872.44, -545, "T", "SMD", "GND", "GND", "R", 31.5, 35.43, 0, 0],
		[20, "C9_2", 927.56, -545, "T", "SMD", "VCC_3V3", "", "R", 31.5, 35.43, 0, 0],
		[21, "C10_1", 1318.05, -442.48, "T", "SMD", "GND", "GND", "R", 31.5, 35.43, 0, 0],
		[22, "C10_2", 1373.17, -442.48, "T", "SMD", "$1N4690", "", "R", 31.5, 35.43, 0, 0],
		[23, "C11_1", 1318.05, -521.22, "T", "SMD", "GND", "GND", "R", 31.5, 35.43, 0, 0],
		[24, "C11_2", 1373.17, -521.22, "T", "SMD", "$1N4690", "", "R", 31.5, 35.43, 0, 0],
		[25, "C12_1", 1102.56, -520, "T", "SMD", "$1N4860", "", "R", 31.5, 35.43, 0, 180],
		[26, "C12_2", 1047.44, -520, "T", "SMD", "GND", "GND", "R", 31.5, 35.43, 0, 180],
		[27, "C13_1", 1318.05, -285, "T", "SMD", "GND", "GND", "R", 31.5, 35.43, 0, 0],
		[28, "C13_2", 1373.17, -285, "T", "SMD", "VCC_3V3", "", "R", 31.5, 35.43, 0, 0],
		[29, "C14_1", 1318.05, -363.74, "T", "SMD", "GND", "GND", "R", 31.5, 35.43, 0, 0],
		[30, "C14_2", 1373.17, -363.74, "T", "SMD", "VCC_3V3", "", "R", 31.5, 35.43, 0, 0],
		[31, "C15_1", 1192.56, -55, "T", "SMD", "$1N5123", "", "R", 31.5, 35.43, 0, 180],
		[32, "C15_2", 1137.44, -55, "T", "SMD", "$1N5127", "", "R", 31.5, 35.43, 0, 180],
		[33, "C16_1", 1062.56, -55, "T", "SMD", "$1N5171", "", "R", 31.5, 35.43, 0, 180],
		[34, "C16_2", 1007.44, -55, "T", "SMD", "$1N5166", "", "R", 31.5, 35.43, 0, 180],
		[35, "C17_1", 1318.05, -206.26, "T", "SMD", "GND", "GND", "R", 31.5, 35.43, 0, 0],
		[36, "C17_2", 1373.17, -206.26, "T", "SMD", "RES#", "", "R", 31.5, 35.43, 0, 0],
		[37, "D1_1", 1273.37, -50, "T", "SMD", "VCC_3V3", "", "R", 37.4, 45.28, 0, 0],
		[38, "D1_2", 1406.63, -50, "T", "SMD", "RES#", "", "R", 37.4, 45.28, 0, 0],
		[39, "H1_1", 320, -570, "T", "DIP", "VCC_3V3", "", "R", 66.93, 66.93, 43.31, 0],
		[40, "H1_1", 320, -570, "B", "DIP", "VCC_3V3", "", "R", 66.93, 66.93, 43.31, 0],
		[41, "H1_2", 420, -570, "T", "DIP", "SWDIO", "", "C", 66.93, 66.93, 43.31, 0],
		[42, "H1_2", 420, -570, "B", "DIP", "SWDIO", "", "C", 66.93, 66.93, 43.31, 0],
		[43, "H1_3", 520, -570, "T", "DIP", "SWCLK", "", "C", 66.93, 66.93, 43.31, 0],
		[44, "H1_3", 520, -570, "B", "DIP", "SWCLK", "", "C", 66.93, 66.93, 43.31, 0],
		[45, "H1_4", 620, -570, "T", "DIP", "GND", "GND", "C", 66.93, 66.93, 43.31, 0],
		[46, "H1_4", 620, -570, "B", "DIP", "GND", "GND", "C", 66.93, 66.93, 43.31, 0],
		[47, "HDR1_1", 1685.04, -45.28, "T", "SMD", "VBUS", "", "R", 39.37, 140, 0, 90],
		[48, "HDR1_2", 1685.04, -45.28, "B", "SMD", "RTUART2_RX", "", "R", 39.37, 140, 0, 90],
		[49, "HDR1_3", 1685.04, -145.28, "T", "SMD", "VCC_3V3", "", "R", 39.37, 140, 0, 90],
		[50, "HDR1_4", 1685.04, -145.28, "B", "SMD", "RTUART2_TX", "", "R", 39.37, 140, 0, 90],
		[51, "HDR1_5", 1685.04, -245.28, "T", "SMD", "GND", "GND", "R", 39.37, 140, 0, 90],
		[52, "HDR1_6", 1685.04, -245.28, "B", "SMD", "GND", "GND", "R", 39.37, 140, 0, 90],
		[53, "HDR1_7", 1685.04, -345.28, "T", "SMD", "GND", "GND", "R", 39.37, 140, 0, 90],
		[54, "HDR1_8", 1685.04, -345.28, "B", "SMD", "GND", "GND", "R", 39.37, 140, 0, 90],
		[55, "HDR1_9", 1685.04, -445.28, "T", "SMD", "VCC_3V3", "", "R", 39.37, 140, 0, 90],
		[56, "HDR1_10", 1685.04, -445.28, "B", "SMD", "RTUART1_TX", "", "R", 39.37, 140, 0, 90],
		[57, "HDR1_11", 1685.04, -545.28, "T", "SMD", "VBUS", "", "R", 39.37, 140, 0, 90],
		[58, "HDR1_12", 1685.04, -545.28, "B", "SMD", "RTUART1_RX", "", "R", 39.37, 140, 0, 90],
		[59, "LDO1_1", 384.58, -387.6, "T", "SMD", "VBUS", "", "R", 19.29, 45.55, 0, 270],
		[60, "LDO1_2", 384.58, -425, "T", "SMD", "GND", "GND", "R", 19.29, 45.55, 0, 270],
		[61, "LDO1_3", 384.58, -462.4, "T", "SMD", "VBUS", "", "R", 19.29, 45.55, 0, 270],
		[62, "LDO1_4", 475.42, -462.4, "T", "SMD", "LDO1_4", "", "R", 19.29, 46.26, 0, 270],
		[63, "LDO1_5", 475.42, -387.6, "T", "SMD", "VCC_3V3", "", "R", 19.29, 46.26, 0, 270],
		[64, "LED1_1", 1181.1, -97.24, "B", "SMD", "$1N5123", "", "R", 118.11, 15.75, 0, 0],
		[65, "LED1_2", 1181.1, -121.65, "B", "SMD", "$1N5127", "", "R", 118.11, 15.75, 0, 0],
		[66, "LED1_3", 1181.1, -146.06, "B", "SMD", "$1N5171", "", "R", 118.11, 15.75, 0, 0],
		[67, "LED1_4", 1181.1, -170.47, "B", "SMD", "$1N5166", "", "R", 118.11, 15.75, 0, 0],
		[68, "LED1_5", 1181.1, -194.88, "B", "SMD", "VCC_3V3", "", "R", 118.11, 15.75, 0, 0],
		[69, "LED1_6", 1181.1, -219.29, "B", "SMD", "LED1_6", "", "R", 118.11, 15.75, 0, 0],
		[70, "LED1_7", 1181.1, -243.7, "B", "SMD", "GND", "GND", "R", 118.11, 15.75, 0, 0],
		[71, "LED1_8", 1181.1, -268.11, "B", "SMD", "VCC_3V3", "", "R", 118.11, 15.75, 0, 0],
		[72, "LED1_9", 1181.1, -292.51, "B", "SMD", "RES#", "", "R", 118.11, 15.75, 0, 0],
		[73, "LED1_10", 1181.1, -316.92, "B", "SMD", "SCL", "", "R", 118.11, 15.75, 0, 0],
		[74, "LED1_11", 1181.1, -341.33, "B", "SMD", "SDA", "", "R", 118.11, 15.75, 0, 0],
		[75, "LED1_12", 1181.1, -365.74, "B", "SMD", "$1N6706", "", "R", 118.11, 15.75, 0, 0],
		[76, "LED1_13", 1181.1, -390.15, "B", "SMD", "$1N4860", "", "R", 118.11, 15.75, 0, 0],
		[77, "LED1_14", 1181.1, -414.56, "B", "SMD", "$1N4690", "", "R", 118.11, 15.75, 0, 0],
		[78, "Q1_1", 440.63, -107.6, "T", "SMD", "$1N18772", "", "R", 49.21, 27.56, 0, 180],
		[79, "Q1_2", 440.63, -182.4, "T", "SMD", "$1N18645", "", "R", 49.21, 27.56, 0, 180],
		[80, "Q1_3", 519.37, -145, "T", "SMD", "VCC_3V3", "", "R", 49.21, 27.56, 0, 180],
		[81, "R1_1", 108.14, -531.5, "T", "SMD", "$1N1820", "", "R", 31.75, 34.02, 0, 0],
		[82, "R1_2", 167.46, -531.5, "T", "SMD", "GND", "GND", "R", 31.75, 34.02, 0, 0],
		[83, "R2_1", 108.14, -59.06, "T", "SMD", "$1N1818", "", "R", 31.75, 34.02, 0, 0],
		[84, "R2_2", 167.46, -59.06, "T", "SMD", "GND", "GND", "R", 31.75, 34.02, 0, 0],
		[85, "R3_1", 715.05, -544.89, "T", "SMD", "$1N2328", "", "R", 31.75, 34.02, 0, 0],
		[86, "R3_2", 774.37, -544.89, "T", "SMD", "GND", "GND", "R", 31.75, 34.02, 0, 0],
		[87, "R4_1", 919.66, -40.78, "T", "SMD", "GND", "GND", "R", 31.75, 34.02, 0, 180],
		[88, "R4_2", 860.34, -40.78, "T", "SMD", "$1N2398", "", "R", 31.75, 34.02, 0, 180],
		[89, "R5_1", 600.34, -110, "T", "SMD", "$1N2462", "", "R", 31.75, 34.02, 0, 0],
		[90, "R5_2", 659.66, -110, "T", "SMD", "VCC_3V3", "", "R", 31.75, 34.02, 0, 0],
		[91, "R6_1", 1534.66, -125, "T", "SMD", "VCC_3V3", "", "R", 31.75, 34.02, 0, 180],
		[92, "R6_2", 1475.34, -125, "T", "SMD", "$1N3364", "", "R", 31.75, 34.02, 0, 180],
		[93, "R8_1", 1340.34, -555, "B", "SMD", "VCC_3V3", "", "R", 31.75, 34.02, 0, 0],
		[94, "R8_2", 1399.66, -555, "B", "SMD", "$1N4389", "", "R", 31.75, 34.02, 0, 0],
		[95, "R9_1", 1239.66, -520, "T", "SMD", "$1N6706", "", "R", 31.75, 34.02, 0, 180],
		[96, "R9_2", 1180.34, -520, "T", "SMD", "GND", "GND", "R", 31.75, 34.02, 0, 180],
		[97, "R10_1", 1318.14, -127.41, "T", "SMD", "VCC_3V3", "", "R", 31.75, 34.02, 0, 0],
		[98, "R10_2", 1377.46, -127.41, "T", "SMD", "RES#", "", "R", 31.75, 34.02, 0, 0],
		[99, "R11_1", 320.34, -180, "T", "SMD", "USB_DP", "", "R", 31.75, 34.02, 0, 0],
		[100, "R11_2", 379.66, -180, "T", "SMD", "$1N18645", "", "R", 31.75, 34.02, 0, 0],
		[101, "R12_1", 589.96, -373.03, "T", "SMD", "SCL", "", "R", 31.75, 34.02, 0, 180],
		[102, "R12_2", 530.64, -373.03, "T", "SMD", "VCC_3V3", "", "R", 31.75, 34.02, 0, 180],
		[103, "R13_1", 589.96, -435, "T", "SMD", "SDA", "", "R", 31.75, 34.02, 0, 180],
		[104, "R13_2", 530.64, -435, "T", "SMD", "VCC_3V3", "", "R", 31.75, 34.02, 0, 180],
		[105, "R14_1", 320.34, -310, "T", "SMD", "USB_DP", "", "R", 31.75, 34.02, 0, 0],
		[106, "R14_2", 379.66, -310, "T", "SMD", "PA12", "", "R", 31.75, 34.02, 0, 0],
		[107, "R15_1", 320.34, -245, "T", "SMD", "USB_DN", "", "R", 31.75, 34.02, 0, 0],
		[108, "R15_2", 379.66, -245, "T", "SMD", "PA11", "", "R", 31.75, 34.02, 0, 0],
		[109, "R16_1", 379.66, -40, "T", "SMD", "$1N18772", "", "R", 31.75, 34.02, 0, 180],
		[110, "R16_2", 320.34, -40, "T", "SMD", "VBUS", "", "R", 31.75, 34.02, 0, 180],
		[111, "R17_1", 320.34, -115, "T", "SMD", "GND", "GND", "R", 31.75, 34.02, 0, 0],
		[112, "R17_2", 379.66, -115, "T", "SMD", "$1N18772", "", "R", 31.75, 34.02, 0, 0],
		[113, "R18_1", 519.66, -40.78, "T", "SMD", "USBEN", "", "R", 31.75, 34.02, 0, 180],
		[114, "R18_2", 460.34, -40.78, "T", "SMD", "$1N18772", "", "R", 31.75, 34.02, 0, 180],
		[115, "R20_1", 1340.34, -450, "B", "SMD", "VCC_3V3", "", "R", 31.75, 34.02, 0, 0],
		[116, "R20_2", 1399.66, -450, "B", "SMD", "$1N23999", "", "R", 31.75, 34.02, 0, 0],
		[117, "RN1_1", 1480.31, -248.04, "T", "SMD", "UART2_TX", "", "R", 25.59, 31.5, 0, 270],
		[118, "RN1_2", 1480.31, -279.53, "T", "SMD", "UART2_RX", "", "R", 19.68, 31.5, 0, 270],
		[119, "RN1_3", 1480.31, -311.03, "T", "SMD", "UART1_TX", "", "R", 19.68, 31.5, 0, 270],
		[120, "RN1_4", 1480.31, -342.52, "T", "SMD", "UART1_RX", "", "R", 25.59, 31.5, 0, 270],
		[121, "RN1_5", 1551.18, -342.52, "T", "SMD", "RTUART1_RX", "", "R", 25.59, 31.5, 0, 270],
		[122, "RN1_6", 1551.18, -311.03, "T", "SMD", "RTUART1_TX", "", "R", 19.68, 31.5, 0, 270],
		[123, "RN1_7", 1551.18, -279.53, "T", "SMD", "RTUART2_RX", "", "R", 19.68, 31.5, 0, 270],
		[124, "RN1_8", 1551.18, -248.04, "T", "SMD", "RTUART2_TX", "", "R", 25.59, 31.5, 0, 270],
		[125, "TRX1_1", 1531.48, -555.13, "B", "SMD", "LED_EVENT", "", "R", 31.5, 31.5, 0, 90],
		[126, "TRX1_2", 1468.52, -554.86, "B", "SMD", "$1N4389", "", "R", 31.5, 31.5, 0, 90],
		[127, "TRX2_1", 1531.48, -450.13, "B", "SMD", "LED_CONN", "", "R", 31.5, 31.5, 0, 90],
		[128, "TRX2_2", 1468.52, -449.86, "B", "SMD", "$1N23999", "", "R", 31.5, 31.5, 0, 90],
		[129, "U1_1", 1013.78, -403.55, "T", "SMD", "VCC_3V3", "", "O", 10.63, 59.05, 0, 90],
		[130, "U1_2", 1013.78, -383.86, "T", "SMD", "U1_2", "", "O", 10.63, 59.05, 0, 90],
		[131, "U1_3", 1013.78, -364.18, "T", "SMD", "U1_3", "", "O", 10.63, 59.05, 0, 90],
		[132, "U1_4", 1013.78, -344.49, "T", "SMD", "U1_4", "", "O", 10.63, 59.05, 0, 90],
		[133, "U1_5", 1013.78, -324.81, "T", "SMD", "$1N2717", "", "O", 10.63, 59.05, 0, 90],
		[134, "U1_6", 1013.78, -305.12, "T", "SMD", "$1N2728", "", "O", 10.63, 59.05, 0, 90],
		[135, "U1_7", 1013.78, -285.44, "T", "SMD", "$1N2462", "", "O", 10.63, 59.05, 0, 90],
		[136, "U1_8", 1013.78, -265.75, "T", "SMD", "GND", "GND", "O", 10.63, 59.05, 0, 90],
		[137, "U1_9", 1013.78, -246.07, "T", "SMD", "VCC_3V3", "", "O", 10.63, 59.05, 0, 90],
		[138, "U1_10", 1013.78, -226.38, "T", "SMD", "U1_10", "", "O", 10.63, 59.05, 0, 90],
		[139, "U1_11", 1013.78, -206.7, "T", "SMD", "U1_11", "", "O", 10.63, 59.05, 0, 90],
		[140, "U1_12", 1013.78, -187.01, "T", "SMD", "UART2_TX", "", "O", 10.63, 59.05, 0, 90],
		[141, "U1_13", 954.73, -127.96, "T", "SMD", "UART2_RX", "", "O", 59.05, 10.63, 0, 90],
		[142, "U1_14", 935.04, -127.96, "T", "SMD", "U1_14", "", "O", 59.05, 10.63, 0, 90],
		[143, "U1_15", 915.36, -127.96, "T", "SMD", "U1_15", "", "O", 59.05, 10.63, 0, 90],
		[144, "U1_16", 895.67, -127.96, "T", "SMD", "U1_16", "", "O", 59.05, 10.63, 0, 90],
		[145, "U1_17", 875.99, -127.96, "T", "SMD", "U1_17", "", "O", 59.05, 10.63, 0, 90],
		[146, "U1_18", 856.3, -127.96, "T", "SMD", "NRESET", "", "O", 59.05, 10.63, 0, 90],
		[147, "U1_19", 836.62, -127.96, "T", "SMD", "U1_19", "", "O", 59.05, 10.63, 0, 90],
		[148, "U1_20", 816.93, -127.96, "T", "SMD", "$1N2398", "", "O", 59.05, 10.63, 0, 90],
		[149, "U1_21", 797.25, -127.96, "T", "SMD", "U1_21", "", "O", 59.05, 10.63, 0, 90],
		[150, "U1_22", 777.56, -127.96, "T", "SMD", "U1_22", "", "O", 59.05, 10.63, 0, 90],
		[151, "U1_23", 757.88, -127.96, "T", "SMD", "GND", "GND", "O", 59.05, 10.63, 0, 90],
		[152, "U1_24", 738.19, -127.96, "T", "SMD", "VCC_3V3", "", "O", 59.05, 10.63, 0, 90],
		[153, "U1_25", 679.14, -187.01, "T", "SMD", "TSWDIO", "", "O", 10.63, 59.05, 0, 90],
		[154, "U1_26", 679.14, -206.7, "T", "SMD", "TSWCLK", "", "O", 10.63, 59.05, 0, 90],
		[155, "U1_27", 679.14, -226.38, "T", "SMD", "TSWOUT", "", "O", 10.63, 59.05, 0, 90],
		[156, "U1_28", 679.14, -246.07, "T", "SMD", "USBEN", "", "O", 10.63, 59.05, 0, 90],
		[157, "U1_29", 679.14, -265.75, "T", "SMD", "LED_EVENT", "", "O", 10.63, 59.05, 0, 90],
		[158, "U1_30", 679.14, -285.44, "T", "SMD", "UART1_TX", "", "O", 10.63, 59.05, 0, 90],
		[159, "U1_31", 679.14, -305.12, "T", "SMD", "UART1_RX", "", "O", 10.63, 59.05, 0, 90],
		[160, "U1_32", 679.14, -324.81, "T", "SMD", "PA11", "", "O", 10.63, 59.05, 0, 90],
		[161, "U1_33", 679.14, -344.49, "T", "SMD", "PA12", "", "O", 10.63, 59.05, 0, 90],
		[162, "U1_34", 679.14, -364.18, "T", "SMD", "SWDIO", "", "O", 10.63, 59.05, 0, 90],
		[163, "U1_35", 679.14, -383.86, "T", "SMD", "GND", "GND", "O", 10.63, 59.05, 0, 90],
		[164, "U1_36", 679.14, -403.55, "T", "SMD", "VCC_3V3", "", "O", 10.63, 59.05, 0, 90],
		[165, "U1_37", 738.19, -462.6, "T", "SMD", "SWCLK", "", "O", 59.05, 10.63, 0, 90],
		[166, "U1_38", 757.88, -462.6, "T", "SMD", "U1_38", "", "O", 59.05, 10.63, 0, 90],
		[167, "U1_39", 777.56, -462.6, "T", "SMD", "U1_39", "", "O", 59.05, 10.63, 0, 90],
		[168, "U1_40", 797.25, -462.6, "T", "SMD", "U1_40", "", "O", 59.05, 10.63, 0, 90],
		[169, "U1_41", 816.93, -462.6, "T", "SMD", "LED_CONN", "", "O", 59.05, 10.63, 0, 90],
		[170, "U1_42", 836.62, -462.6, "T", "SMD", "SCL", "", "O", 59.05, 10.63, 0, 90],
		[171, "U1_43", 856.3, -462.6, "T", "SMD", "SDA", "", "O", 59.05, 10.63, 0, 90],
		[172, "U1_44", 875.99, -462.6, "T", "SMD", "$1N2328", "", "O", 59.05, 10.63, 0, 90],
		[173, "U1_45", 895.67, -462.6, "T", "SMD", "U1_45", "", "O", 59.05, 10.63, 0, 90],
		[174, "U1_46", 915.36, -462.6, "T", "SMD", "U1_46", "", "O", 59.05, 10.63, 0, 90],
		[175, "U1_47", 935.04, -462.6, "T", "SMD", "GND", "GND", "O", 59.05, 10.63, 0, 90],
		[176, "U1_48", 954.73, -462.6, "T", "SMD", "VCC_3V3", "", "O", 59.05, 10.63, 0, 90],
		[177, "USB1_1", 250.99, -169.29, "T", "SMD", "GND", "GND", "R", 21.65, 43.31, 0, 270],
		[178, "USB1_2", 250.99, -200.79, "T", "SMD", "VBUS", "", "R", 21.65, 43.31, 0, 270],
		[179, "USB1_3", 250.99, -226.38, "T", "SMD", "USB1_3", "", "R", 11.81, 43.31, 0, 270],
		[180, "USB1_4", 250.99, -246.07, "T", "SMD", "$1N1818", "", "R", 11.81, 43.31, 0, 270],
		[181, "USB1_5", 250.99, -265.75, "T", "SMD", "USB_DN", "", "R", 11.81, 43.31, 0, 270],
		[182, "USB1_6", 250.99, -285.43, "T", "SMD", "USB_DP", "", "R", 11.81, 43.31, 0, 270],
		[183, "USB1_7", 250.99, -305.12, "T", "SMD", "USB_DN", "", "R", 11.81, 43.31, 0, 270],
		[184, "USB1_8", 250.99, -324.8, "T", "SMD", "USB_DP", "", "R", 11.81, 43.31, 0, 270],
		[185, "USB1_9", 250.99, -344.49, "T", "SMD", "USB1_9", "", "R", 11.81, 43.31, 0, 270],
		[186, "USB1_10", 250.99, -364.18, "T", "SMD", "$1N1820", "", "R", 11.81, 43.31, 0, 270],
		[187, "USB1_11", 250.99, -389.77, "T", "SMD", "VBUS", "", "R", 21.65, 43.31, 0, 270],
		[188, "USB1_12", 250.99, -421.26, "T", "SMD", "GND", "GND", "R", 21.65, 43.31, 0, 270],
		[189, "USB1_13", 229.34, -125, "T", "DIP", "GND", "GND", "O", 43.31, 78.74, 59.05, 270],
		[190, "USB1_13", 229.34, -125, "B", "DIP", "GND", "GND", "O", 43.31, 78.74, 59.05, 270],
		[191, "USB1_13", 63.98, -125, "T", "DIP", "GND", "GND", "O", 47.24, 70.87, 47.24, 270],
		[192, "USB1_13", 63.98, -125, "B", "DIP", "GND", "GND", "O", 47.24, 70.87, 47.24, 270],
		[193, "USB1_14", 229.34, -465.55, "T", "DIP", "GND", "GND", "O", 43.31, 78.74, 59.06, 270],
		[194, "USB1_14", 229.34, -465.55, "B", "DIP", "GND", "GND", "O", 43.31, 78.74, 59.06, 270],
		[195, "USB1_14", 63.98, -465.55, "T", "DIP", "GND", "GND", "O", 47.24, 70.87, 47.24, 270],
		[196, "USB1_14", 63.98, -465.55, "B", "DIP", "GND", "GND", "O", 47.24, 70.87, 47.24, 270],
		[197, "X1_1", 1107.28, -251.97, "T", "SMD", "$1N2728", "", "R", 55.12, 47.24, 0, 270],
		[198, "X1_2", 1107.28, -338.59, "T", "SMD", "GND", "GND", "R", 55.12, 47.24, 0, 270],
		[199, "X1_3", 1176.18, -338.59, "T", "SMD", "$1N2717", "", "R", 55.12, 47.24, 0, 270],
		[200, "X1_4", 1176.18, -251.97, "T", "SMD", "GND", "GND", "R", 55.12, 47.24, 0, 270]
	]
}
}